op_type,key,latency_ms,status_code,ok,stale,write_read_gap_ms
write,key-0027,1251.9198330119252,201,True,,
read,key-0027,2.476832829415798,200,True,False,2.553224563598633
write,key-0089,1224.9401253648102,201,True,,
read,key-0089,6.865250412374735,200,True,False,7.086753845214844
read,key-0089,5.239875055849552,200,True,False,12.49384880065918
write,key-0045,1237.0853330940008,201,True,,
read,key-0045,6.042374763637781,200,True,False,6.264925003051758
read,key-0027,4.991374909877777,200,True,False,2488.7092113494873
read,key-0045,8.479416836053133,200,True,False,20.007848739624023
read,key-0045,22.30408415198326,200,True,False,42.58084297180176
read,key-0091,3.1880419701337814,404,True,False,
read,key-0089,1.7700842581689358,200,True,False,1297.3871231079102
write,key-0076,1231.7688330076635,201,True,,
read,key-0044,14.166207984089851,404,True,False,
read,key-0031,5.665292032063007,404,True,False,
write,key-0076,1245.0167089700699,201,True,,
read,key-0076,10.707041714340448,200,True,False,12.221097946166992
read,key-0089,1.808083150535822,200,True,False,3808.604955673218
write,key-0001,1234.4730831682682,201,True,,
read,key-0076,7.285584229975939,200,True,False,1256.1371326446533
read,key-0048,4.490375053137541,404,True,False,
write,key-0089,1244.903499726206,201,True,,
read,key-0089,5.181083921343088,200,True,False,5.328178405761719
read,key-0029,3.4595001488924026,404,True,False,
write,key-0092,1242.8067079745233,201,True,,
read,key-0092,4.297582898288965,200,True,False,4.377126693725586
read,key-0045,3.006457816809416,200,True,False,6309.8108768463135
read,key-0019,2.1973331458866596,404,True,False,
write,key-0076,1232.1694171987474,201,True,,
read,key-0089,6.09662476927042,200,True,False,2500.0340938568115
read,key-0076,16.30500005558133,200,True,False,22.79806137084961
read,key-0045,4.53241728246212,200,True,False,7571.807861328125
read,key-0089,9.510958101600409,200,True,False,2530.880928039551
read,key-0022,9.04299970716238,404,True,False,
write,key-0044,1222.474583890289,201,True,,
read,key-0076,3.615916706621647,200,True,False,1272.676706314087
read,key-0045,2.303041983395815,200,True,False,8819.346904754639
write,key-0006,1227.7379161678255,201,True,,
write,key-0056,1243.5729168355465,201,True,,
read,key-0076,9.342832956463099,200,True,False,3756.1898231506348
write,key-0001,1237.8885406069458,201,True,,
write,key-0074,1230.948207899928,201,True,,
read,key-0036,45.54137494415045,404,True,False,
read,key-0045,5.179791245609522,200,True,False,13822.295904159546
write,key-0074,1230.74108408764,201,True,,
write,key-0006,1232.6295408420265,201,True,,
read,key-0070,6.817792076617479,404,True,False,
read,key-0085,5.114957690238953,404,True,False,
read,key-0001,4.156417213380337,200,True,False,3774.807929992676
write,key-0076,1247.8206660598516,201,True,,
write,key-0056,1226.556499954313,201,True,,
write,key-0092,1227.0610840059817,201,True,,
write,key-0076,1233.1858752295375,201,True,,
write,key-0076,1228.3479999750853,201,True,,
read,key-0094,6.1986250802874565,404,True,False,
read,key-0074,6.101750303059816,200,True,False,7426.018953323364
read,key-0076,4.960208665579557,200,True,False,17.86208152770996
read,key-0074,5.4095410741865635,200,True,False,7436.72513961792
read,key-0014,5.509375128895044,404,True,False,
read,key-0023,4.232625011354685,404,True,False,
read,key-0076,3.8713342510163784,200,True,False,37.468910217285156
read,key-0092,3.8236663676798344,200,True,False,2503.3528804779053
read,key-0092,4.0410831570625305,200,True,False,2507.4849128723145
write,key-0033,1238.3183748461306,201,True,,
read,key-0030,5.024416837841272,404,True,False,
read,key-0045,4.060166887938976,200,True,False,23770.620107650757
read,key-0044,4.335000179708004,200,True,False,14961.81869506836
write,key-0018,1237.4765421263874,201,True,,
read,key-0023,5.541791208088398,404,True,False,
read,key-0074,3.6683748476207256,200,True,False,9958.184003829956
write,key-0074,1225.7217918522656,201,True,,
read,key-0074,2.9857088811695576,200,True,False,3.0732154846191406
write,key-0096,1220.6580000929534,201,True,,
read,key-0076,7.070917170494795,200,True,False,5001.8181800842285
read,key-0074,4.968792200088501,200,True,False,1236.255168914795
write,key-0033,1220.4241659492254,201,True,,
write,key-0018,1236.1929579637945,201,True,,
write,key-0092,1230.9190416708589,201,True,,
write,key-0006,1238.791042007506,201,True,,
read,key-0006,4.794750362634659,200,True,False,4.931926727294922
read,key-0076,2.448124811053276,200,True,False,9941.986083984375
read,key-0018,1.9127922132611275,200,True,False,2480.077028274536
write,key-0096,1220.4416673630476,201,True,,
read,key-0076,5.993708968162537,200,True,False,11170.714855194092
read,key-0052,4.366874694824219,404,True,False,
read,key-0076,4.194875247776508,200,True,False,11179.493188858032
write,key-0092,1227.6308750733733,201,True,,
read,key-0056,5.072500091046095,200,True,False,16101.615190505981
write,key-0018,1227.908540982753,201,True,,
read,key-0021,6.712458096444607,404,True,False,
write,key-0072,1232.2695832699537,201,True,,
read,key-0096,6.798666901886463,200,True,False,3722.397804260254
write,key-0041,1232.7379998750985,201,True,,
write,key-0084,1227.3248746059835,201,True,,
read,key-0006,6.8228342570364475,200,True,False,7419.764995574951
read,key-0003,8.460917044430971,404,True,False,
write,key-0033,1235.0887078791857,201,True,,
write,key-0076,1240.7176666893065,201,True,,
write,key-0099,1235.2261249907315,201,True,,
read,key-0018,13.160125352442265,200,True,False,7447.34525680542
read,key-0090,4.851833917200565,404,True,False,
read,key-0066,8.780334144830704,404,True,False,
write,key-0033,1233.7169577367604,201,True,,
write,key-0099,1231.616707984358,201,True,,
read,key-0048,5.924500059336424,404,True,False,
read,key-0076,4.3004159815609455,200,True,False,3739.2477989196777
read,key-0007,12.238374911248684,404,True,False,
read,key-0018,11.572792194783688,200,True,False,9961.716890335083
write,key-0033,1233.4832497872412,201,True,,
read,key-0092,7.319167256355286,200,True,False,12438.736200332642
read,key-0032,4.8047080636024475,404,True,False,
write,key-0099,1228.801416233182,201,True,,
read,key-0004,6.455583032220602,404,True,False,
read,key-0033,4.595959093421698,200,True,False,1253.0138492584229
read,key-0076,3.005832899361849,200,True,False,6255.363702774048
read,key-0092,4.758249968290329,200,True,False,13691.849946975708
write,key-0018,1242.1670421026647,201,True,,
read,key-0018,2.5077909231185913,200,True,False,2.8972625732421875
read,key-0018,1.753291580826044,200,True,False,4.700899124145508
read,key-0084,1.6429577954113483,200,True,False,10000.606060028076
read,key-0096,2.4525001645088196,200,True,False,16185.858011245728
read,key-0072,1.8256669864058495,200,True,False,12472.345113754272
write,key-0018,1228.025333955884,201,True,,
read,key-0099,5.4604592733085155,200,True,False,2506.12211227417
read,key-0099,4.216041881591082,200,True,False,2510.449171066284
read,key-0038,4.341625142842531,404,True,False,
read,key-0033,3.3025420270860195,200,True,False,3760.091781616211
read,key-0092,4.069124814122915,200,True,False,16195.122003555298
read,key-0050,4.2091249488294125,404,True,False,
read,key-0033,3.14641697332263,200,True,False,3771.7859745025635
write,key-0084,1226.9334997981787,201,True,,
read,key-0084,16.23591687530279,200,True,False,16.414880752563477
read,key-0033,4.329457879066467,200,True,False,5019.783973693848
read,key-0018,3.065959084779024,200,True,False,1280.8260917663574
read,key-0069,3.7629581056535244,404,True,False,
read,key-0099,11.925708968192339,200,True,False,3797.152042388916
write,key-0018,1234.4389157369733,201,True,,
read,key-0099,3.7301252596080303,200,True,False,5035.6080532073975
read,key-0084,2.795333042740822,200,True,False,1281.383991241455
read,key-0011,4.622458945959806,404,True,False,
read,key-0099,4.19658375903964,200,True,False,5047.505140304565
read,key-0008,2.506499644368887,404,True,False,
read,key-0018,3.3702910877764225,200,True,False,21.725893020629883
read,key-0099,5.543500185012817,200,True,False,5059.0972900390625
read,key-0071,3.994249738752842,404,True,False,
read,key-0092,2.469040919095278,200,True,False,18738.288164138794
read,key-0041,2.5619170628488064,200,True,False,15028.395652770996
read,key-0018,2.3112078197300434,200,True,False,38.861751556396484
read,key-0041,2.7520000003278255,200,True,False,15033.564805984497
read,key-0099,2.1702093072235584,200,True,False,5075.668096542358
read,key-0033,2.0746253430843353,200,True,False,6319.547891616821
read,key-0096,2.2651669569313526,200,True,False,19995.518922805786
read,key-0084,2.1943747997283936,200,True,False,1325.2549171447754
read,key-0099,2.2033751010894775,200,True,False,5084.602117538452
read,key-0033,2.6980419643223286,200,True,False,6329.10680770874
read,key-0018,2.1035000681877136,200,True,False,57.72686004638672
write,key-0099,1221.4430831372738,201,True,,
read,key-0072,7.433542050421238,200,True,False,17518.549919128418
read,key-0084,2.1790419705212116,200,True,False,2563.6579990386963
read,key-0006,2.7139591984450817,200,True,False,22468.930959701538
read,key-0018,2.2330828942358494,200,True,False,1294.0747737884521
read,key-0077,2.59366724640131,404,True,False,
read,key-0092,3.0113752000033855,200,True,False,20004.230976104736
write,key-0046,1220.5611248500645,201,True,,
read,key-0099,2.6865419931709766,200,True,False,1244.0471649169922
read,key-0046,2.651333808898926,200,True,False,5.500316619873047
read,key-0041,2.4576247669756413,200,True,False,17520.416021347046
write,key-0009,1234.1661667451262,201,True,,
write,key-0099,1234.5059998333454,201,True,,
read,key-0007,11.639208067208529,404,True,False,
read,key-0074,4.928334150463343,200,True,False,32355.483293533325
read,key-0046,8.576584048569202,200,True,False,2502.723217010498
read,key-0099,6.01195776835084,200,True,False,31.990766525268555
read,key-0033,4.715416114777327,200,True,False,11307.910919189453
write,key-0033,1245.3007907606661,201,True,,
read,key-0018,15.096208080649376,200,True,False,6296.402931213379
read,key-0087,2.8490829281508923,404,True,False,
read,key-0084,1.422917004674673,200,True,False,7575.441837310791
read,key-0002,1.7475420609116554,404,True,False,
write,key-0033,1233.5518752224743,201,True,,
read,key-0084,7.0459577254951,200,True,False,8818.139791488647
read,key-0033,5.567291751503944,200,True,False,13.036012649536133
read,key-0099,5.117250140756369,200,True,False,2556.947946548462
read,key-0033,4.994583316147327,200,True,False,23.411035537719727
read,key-0099,7.410999853163958,200,True,False,2569.682836532593
read,key-0018,6.416040938347578,200,True,False,7573.836088180542
read,key-0099,4.50816610828042,200,True,False,2580.9826850891113
read,key-0099,6.761875003576279,200,True,False,2587.8727436065674
read,key-0046,4.439542070031166,200,True,False,5069.485187530518
read,key-0083,5.692041013389826,404,True,False,
read,key-0078,3.055209293961525,404,True,False,
write,key-0084,1241.519124712795,201,True,,
write,key-0046,1234.0342500247061,201,True,,
read,key-0099,6.021084263920784,200,True,False,5083.976984024048
read,key-0040,5.808958783745766,404,True,False,
write,key-0049,1235.4595828801394,201,True,,
read,key-0099,6.393665913492441,200,True,False,6332.078695297241
read,key-0018,5.282917059957981,200,True,False,11335.001945495605
read,key-0099,5.6120832450687885,200,True,False,6343.219995498657
read,key-0099,3.9711673744022846,200,True,False,6347.318649291992
read,key-0099,5.571749992668629,200,True,False,6353.306770324707
read,key-0033,10.571499820798635,200,True,False,3825.3321647644043
write,key-0084,1237.6461252570152,201,True,,
write,key-0084,1229.5869579538703,201,True,,
write,key-0084,1219.4193750619888,201,True,,
read,key-0099,4.00449987500906,200,True,False,10055.30071258545
read,key-0034,4.293249920010567,404,True,False,
read,key-0033,3.2177497632801533,200,True,False,7524.348020553589
write,key-0033,1221.8352081254125,201,True,,
read,key-0033,2.761458046734333,200,True,False,2.8810501098632812
read,key-0087,2.605167217552662,404,True,False,
write,key-0018,1228.1068749725819,201,True,,
read,key-0037,5.521917250007391,404,True,False,
write,key-0009,1224.0773341618478,201,True,,
write,key-0084,1228.1686249189079,201,True,,
read,key-0033,5.319499876350164,200,True,False,3697.4871158599854
write,key-0033,1233.7405406869948,201,True,,
read,key-0014,30.619666446000338,404,True,False,
write,key-0009,1265.7332923263311,201,True,,
read,key-0084,4.6391659416258335,200,True,False,2540.9610271453857
read,key-0042,5.443708039820194,404,True,False,
read,key-0008,4.989459179341793,404,True,False,
read,key-0033,4.651749972254038,200,True,False,1316.8036937713623
write,key-0099,1228.1605419702828,201,True,,
read,key-0084,4.702291917055845,200,True,False,3789.3052101135254
read,key-0046,2.707250416278839,200,True,False,13691.272974014282
write,key-0033,1224.2049579508603,201,True,,
read,key-0099,6.687583867460489,200,True,False,1238.8641834259033
read,key-0099,4.668333102017641,200,True,False,1243.6952590942383
read,key-0049,3.832874819636345,200,True,False,13683.443069458008
read,key-0097,9.536124765872955,404,True,False,
read,key-0043,4.2007090523839,404,True,False,
write,key-0010,1231.5979581326246,201,True,,
read,key-0033,5.182124674320221,200,True,False,1266.6950225830078
write,key-0099,1219.7146248072386,201,True,,
read,key-0084,7.0317089557647705,200,True,False,7510.152101516724
read,key-0036,4.766291007399559,404,True,False,
read,key-0033,4.211291670799255,200,True,False,2502.9821395874023
read,key-0011,4.367250017821789,404,True,False,
read,key-0004,3.9168749935925007,404,True,False,
read,key-0007,4.204417113214731,404,True,False,
read,key-0056,10.532333981245756,200,True,False,62318.05419921875
read,key-0018,5.181583110243082,200,True,False,10006.367921829224
read,key-0085,3.900500014424324,404,True,False,
read,key-0091,3.4332089126110077,404,True,False,
read,key-0018,3.260958008468151,200,True,False,10017.250061035156
write,key-0071,1223.8567499443889,201,True,,
read,key-0013,3.14045837149024,404,True,False,
read,key-0060,2.788625191897154,404,True,False,
write,key-0049,1228.893042076379,201,True,,
read,key-0010,12.266041710972786,200,True,False,3756.061792373657
write,key-0033,1226.1616247706115,201,True,,
read,key-0019,2.463790588080883,404,True,False,
read,key-0084,1.8365830183029175,200,True,False,11264.549255371094
read,key-0084,2.3262081667780876,200,True,False,11266.92795753479
write,key-0096,1231.3904161565006,201,True,,
read,key-0033,7.152457721531391,200,True,False,1245.5980777740479
read,key-0033,4.560291301459074,200,True,False,1250.3042221069336
write,key-0018,1226.707875262946,201,True,,
read,key-0099,6.440999917685986,200,True,False,6240.940093994141
write,key-0049,1227.5582090951502,201,True,,
read,key-0058,3.185790963470936,404,True,False,
read,key-0033,1.7680828459560871,200,True,False,3716.4392471313477
read,key-0049,1.399707980453968,200,True,False,6.506919860839844
read,key-0099,1.4327079989016056,200,True,False,7476.578950881958
write,key-0049,1228.307208046317,201,True,,
read,key-0057,3.159583080559969,404,True,False,
write,key-0058,1228.3449578098953,201,True,,
read,key-0018,4.552334081381559,200,True,False,3706.878900527954
write,key-0084,1229.4522081501782,201,True,,
read,key-0046,3.182958345860243,200,True,False,28576.138973236084
read,key-0058,2.5032502599060535,200,True,False,1240.0460243225098
read,key-0003,2.4094590917229652,404,True,False,
write,key-0084,1220.0912502594292,201,True,,
write,key-0051,1233.1692497245967,201,True,,
read,key-0018,5.567749962210655,200,True,False,7403.787136077881
read,key-0084,4.310541786253452,200,True,False,1243.393898010254
read,key-0084,3.330875188112259,200,True,False,1246.811866760254
read,key-0010,3.603542223572731,200,True,False,14874.834060668945
read,key-0050,2.9877498745918274,404,True,False,
write,key-0084,1226.1144169606268,201,True,,
write,key-0099,1233.8913339190185,201,True,,
write,key-0084,1232.328959275037,201,True,,
read,key-0058,5.61937503516674,200,True,False,7414.673805236816
read,key-0018,4.028124734759331,200,True,False,11120.935916900635
read,key-0020,3.353916574269533,404,True,False,
write,key-0049,1228.4058341756463,201,True,,
read,key-0058,5.486084148287773,200,True,False,8656.31103515625
read,key-0078,3.7045422941446304,404,True,False,
read,key-0010,3.7087081000208855,200,True,False,19825.552940368652
read,key-0099,3.8235001266002655,200,True,False,2491.297960281372
read,key-0095,3.8135843351483345,404,True,False,
read,key-0084,5.290790926665068,200,True,False,1268.0861949920654
read,key-0084,3.6125830374658108,200,True,False,1271.7771530151367
read,key-0049,2.8224168345332146,200,True,False,32.89198875427246
read,key-0079,3.252957947552204,404,True,False,
read,key-0058,2.8953333385288715,200,True,False,8689.85390663147
read,key-0099,2.643707673996687,200,True,False,2516.0911083221436
write,key-0084,1232.3759589344263,201,True,,
read,key-0067,3.5649999044835567,404,True,False,
read,key-0033,3.3540003933012486,200,True,False,16111.797094345093
read,key-0049,2.0543751306831837,200,True,False,1283.9109897613525
write,key-0058,1227.1455419249833,201,True,,
write,key-0058,1233.2524587400258,201,True,,
read,key-0053,5.805166903883219,404,True,False,
read,key-0049,4.345042165368795,200,True,False,3754.9829483032227
read,key-0018,4.028582945466042,200,True,False,16111.974000930786
read,key-0004,5.10720768943429,404,True,False,
read,key-0099,6.385500077158213,200,True,False,6245.5151081085205
read,key-0049,5.001666955649853,200,True,False,3776.426076889038
read,key-0090,4.175165668129921,404,True,False,
write,key-0084,1225.038000382483,201,True,,
write,key-0051,1232.2879158891737,201,True,,
read,key-0018,7.37166590988636,200,True,False,18599.040985107422
read,key-0096,6.181958131492138,200,True,False,19844.46406364441
read,key-0096,3.8627921603620052,200,True,False,19848.453998565674
write,key-0084,1249.4684578850865,201,True,,
read,key-0049,4.4161248952150345,200,True,False,7510.8208656311035
write,key-0058,1231.3166251406074,201,True,,
read,key-0084,3.062250092625618,200,True,False,1239.0506267547607
write,key-0084,1222.883707843721,201,True,,
read,key-0042,3.976082894951105,404,True,False,
read,key-0088,2.1295840851962566,404,True,False,
write,key-0099,1227.6302915997803,201,True,,
read,key-0059,6.304542068392038,404,True,False,
read,key-0049,5.968290846794844,200,True,False,11214.835166931152
read,key-0056,4.109958186745644,200,True,False,92084.49506759644
read,key-0084,4.218667279928923,200,True,False,1255.1219463348389
read,key-0025,4.19095903635025,404,True,False,
write,key-0084,1232.9389587976038,201,True,,
read,key-0049,4.998625256121159,200,True,False,12465.928077697754
read,key-0084,4.46037482470274,200,True,False,9.695053100585938
write,key-0051,1236.9166668504477,201,True,,
read,key-0084,17.80600007623434,200,True,False,1264.7910118103027
read,key-0083,4.741541109979153,404,True,False,
read,key-0070,12.401999905705452,404,True,False,
read,key-0058,3.4251250326633453,200,True,False,5004.403829574585
read,key-0084,3.553499933332205,200,True,False,1289.463996887207
read,key-0050,2.482584211975336,404,True,False,
read,key-0034,2.2332919761538506,404,True,False,
write,key-0084,1230.7488340884447,201,True,,
write,key-0084,1237.440750002861,201,True,,
write,key-0068,1234.8990831524134,201,True,,
read,key-0058,10.612208861857653,200,True,False,8727.697849273682
read,key-0049,5.02266688272357,200,True,False,17475.15606880188
write,key-0084,1239.9395839311182,201,True,,
write,key-0051,1233.62945811823,201,True,,
read,key-0095,6.663832813501358,404,True,False,
read,key-0058,4.674083087593317,200,True,False,11218.648672103882
read,key-0058,4.761041607707739,200,True,False,11223.545789718628
read,key-0051,5.2312081679701805,200,True,False,21.99387550354004
read,key-0084,4.252208862453699,200,True,False,1260.2989673614502
read,key-0084,3.9114588871598244,200,True,False,1264.3237113952637
read,key-0044,3.8658753037452698,200,True,False,110823.80270957947
read,key-0058,4.025875125080347,200,True,False,11245.491981506348
write,key-0099,1230.5402923375368,201,True,,
read,key-0099,8.237459231168032,200,True,False,8.512020111083984
read,key-0099,5.687916185706854,200,True,False,14.365196228027344
read,key-0084,4.905542358756065,200,True,False,2522.516965866089
write,key-0051,1225.5480829626322,201,True,,
read,key-0058,4.358917009085417,200,True,False,13725.812911987305
read,key-0058,3.9191660471260548,200,True,False,13729.829788208008
read,key-0084,3.928207792341709,200,True,False,3760.7948780059814
read,key-0091,3.2974579371511936,404,True,False,
read,key-0058,4.5112501829862595,200,True,False,13741.835832595825
write,key-0048,1230.7109995745122,201,True,,
read,key-0084,7.462291046977043,200,True,False,5007.336854934692
read,key-0030,6.024083122611046,404,True,False,
write,key-0099,1229.9700411967933,201,True,,
read,key-0058,5.189458839595318,200,True,False,16222.044944763184
read,key-0084,4.061333369463682,200,True,False,6253.159761428833
read,key-0058,3.855958115309477,200,True,False,16230.177879333496
read,key-0031,4.212583880871534,404,True,False,
write,key-0084,1238.5071669705212,201,True,,
read,key-0051,7.0812092162668705,200,True,False,3759.089231491089
read,key-0049,4.7744582407176495,200,True,False,26227.51021385193
read,key-0084,5.121333058923483,200,True,False,17.40097999572754
read,key-0051,3.7602498196065426,200,True,False,3773.1032371520996
read,key-0084,3.9768326096236706,200,True,False,25.35390853881836
read,key-0073,4.667667206376791,404,True,False,
read,key-0084,4.932124633342028,200,True,False,35.2320671081543
read,key-0021,4.05883276835084,404,True,False,
write,key-0084,1233.8357497937977,201,True,,
read,key-0056,6.43670791760087,200,True,False,108360.87107658386
read,key-0080,6.001750007271767,404,True,False,
write,key-0078,1235.9354589134455,201,True,,
write,key-0073,1235.4349168017507,201,True,,
read,key-0084,6.626666057854891,200,True,False,2491.424083709717
write,key-0084,1223.848707973957,201,True,,
write,key-0084,1226.5868331305683,201,True,,
read,key-0068,3.046541940420866,200,True,False,14975.268125534058
read,key-0068,1.980333123356104,200,True,False,14977.313041687012
read,key-0084,1.9035423174500465,200,True,False,7.205963134765625
write,key-0099,1226.764083839953,201,True,,
read,key-0084,6.393040996044874,200,True,False,1240.736961364746
write,key-0099,1223.1291667558253,201,True,,
write,key-0084,1233.8919173926115,201,True,,
write,key-0048,1233.9550000615418,201,True,,
write,key-0051,1242.069000378251,201,True,,
read,key-0066,5.815458949655294,404,True,False,
read,key-0028,4.067166708409786,404,True,False,
read,key-0084,3.774834331125021,200,True,False,2491.4791584014893
read,key-0051,3.5645831376314163,200,True,False,18.544912338256836
read,key-0048,5.106249824166298,200,True,False,1266.132116317749
read,key-0073,5.7499161921441555,200,True,False,8662.336587905884
write,key-0084,1226.7282917164266,201,True,,
write,key-0051,1227.5489582680166,201,True,,
read,key-0068,6.754834204912186,200,True,False,23638.324975967407
write,key-0084,1239.7391251288354,201,True,,
write,key-0050,1236.744042020291,201,True,,
write,key-0019,1226.1687498539686,201,True,,
read,key-0048,6.466292310506105,200,True,False,7443.809032440186
read,key-0099,4.977624863386154,200,True,False,9917.442083358765
read,key-0084,5.971875041723251,200,True,False,2481.379747390747
read,key-0084,4.367416258901358,200,True,False,2485.919952392578
write,key-0078,1233.1199580803514,201,True,,
write,key-0084,1225.712832994759,201,True,,
read,key-0084,7.11616687476635,200,True,False,7.380008697509766
write,key-0073,1230.4098326712847,201,True,,
read,key-0095,7.460083346813917,404,True,False,
read,key-0060,5.335459019988775,404,True,False,
read,key-0084,4.657375160604715,200,True,False,1256.0648918151855
read,key-0019,4.0890839882195,200,True,False,3742.039680480957
read,key-0099,4.4334582053124905,200,True,False,13652.258157730103
write,key-0048,1230.8058328926563,201,True,,
read,key-0093,5.0400421023368835,404,True,False,
read,key-0073,3.3262083306908607,200,True,False,1266.4451599121094
read,key-0050,2.753832843154669,200,True,False,6215.565919876099
read,key-0079,3.1038750894367695,404,True,False,
read,key-0084,2.7848328463733196,200,True,False,2513.234853744507
write,key-0084,1232.2178753092885,201,True,,
read,key-0051,7.906584069132805,200,True,False,9946.115016937256
read,key-0051,4.300917033106089,200,True,False,9950.54316520691
read,key-0099,5.498625338077545,200,True,False,16151.366233825684
write,key-0022,1231.8650423549116,201,True,,
read,key-0043,6.845041178166866,404,True,False,
read,key-0019,4.849541001021862,200,True,False,7489.850759506226
write,key-0084,1219.9542080052197,201,True,,
write,key-0084,1230.1783747971058,201,True,,
read,key-0084,4.46358323097229,200,True,False,4.606008529663086
write,key-0084,1223.7213752232492,201,True,,
read,key-0043,7.58324982598424,404,True,False,
read,key-0019,5.971791688352823,200,True,False,11183.41088294983
read,key-0050,8.188166655600071,200,True,False,12418.362855911255
read,key-0040,5.258041899651289,404,True,False,
read,key-0051,6.295542232692242,200,True,False,14914.103984832764
write,key-0022,1230.1391661167145,201,True,,
write,key-0084,1226.916707586497,201,True,,
read,key-0078,3.2659159041941166,200,True,False,12408.819198608398
read,key-0084,2.531124744564295,200,True,False,5.935192108154297
read,key-0097,2.335582859814167,404,True,False,
read,key-0084,2.742333337664604,200,True,False,11.109113693237305
read,key-0074,2.2253342904150486,200,True,False,131880.88607788086
write,key-0084,1227.1703332662582,201,True,,
write,key-0084,1224.422125145793,201,True,,
read,key-0084,5.03849983215332,200,True,False,5.156040191650391
read,key-0047,2.411500085145235,404,True,False,
read,key-0050,2.708500251173973,200,True,False,17363.447904586792
read,key-0022,2.4369172751903534,200,True,False,3705.3120136260986
read,key-0084,2.8893332928419113,200,True,False,15.879154205322266
write,key-0022,1222.8986672125757,201,True,,
read,key-0084,5.36941597238183,200,True,False,1244.3928718566895
write,key-0084,1224.68425007537,201,True,,
read,key-0057,3.393624909222126,404,True,False,
read,key-0084,1.9660419784486294,200,True,False,5.518913269042969
read,key-0073,2.2568749263882637,200,True,False,14883.667945861816
read,key-0022,1.7854999750852585,200,True,False,1239.9318218231201
read,key-0078,2.0099999383091927,200,True,False,17351.57299041748
read,key-0084,2.448500134050846,200,True,False,14.253854751586914
read,key-0084,2.712584100663662,200,True,False,17.040014266967773
read,key-0084,2.432832960039377,200,True,False,19.55270767211914
read,key-0084,2.063457854092121,200,True,False,21.67677879333496
read,key-0078,1.8803328275680542,200,True,False,17363.446950912476
write,key-0084,1214.4762920215726,201,True,,
write,key-0073,1220.7786669023335,201,True,,
read,key-0050,4.639540798962116,200,True,False,22285.9468460083
read,key-0084,2.3344168439507484,200,True,False,1228.0089855194092
write,key-0048,1233.2625417038798,201,True,,
read,key-0084,3.3647497184574604,200,True,False,2464.7722244262695
read,key-0086,2.403666265308857,404,True,False,
write,key-0050,1222.8164998814464,201,True,,
read,key-0022,3.4411251544952393,200,True,False,6162.102937698364
read,key-0084,3.228334244340658,200,True,False,3696.9311237335205
read,key-0084,4.051208030432463,200,True,False,3701.03120803833
read,key-0019,1.948624849319458,200,True,False,23536.751747131348
read,key-0038,1.9212919287383556,404,True,False,
read,key-0084,2.100542187690735,200,True,False,3707.11612701416
read,key-0063,2.071291208267212,404,True,False,
read,key-0084,2.1757911890745163,200,True,False,3711.435079574585
read,key-0078,2.4869157932698727,200,True,False,22291.977882385254
read,key-0063,2.5827917270362377,404,True,False,
write,key-0073,1223.5728329978883,201,True,,
write,key-0051,1231.3500419259071,201,True,,
read,key-0084,6.480333395302296,200,True,False,6178.546190261841
read,key-0022,4.824500065296888,200,True,False,8651.957988739014
read,key-0084,3.082458395510912,200,True,False,6186.689138412476
write,key-0050,1237.430791836232,201,True,,
read,key-0084,5.416166037321091,200,True,False,7429.91828918457
write,key-0084,1231.6093752160668,201,True,,
read,key-0073,3.9965002797544003,200,True,False,3725.5799770355225
read,key-0039,3.310750238597393,404,True,False,
write,key-0084,1216.765457764268,201,True,,
read,key-0077,4.95037529617548,404,True,False,
read,key-0084,5.421457812190056,200,True,False,10.601282119750977
write,key-0050,1231.3497089780867,201,True,,
read,key-0084,5.910709034651518,200,True,False,1248.171091079712
write,key-0084,1228.2492923550308,201,True,,
read,key-0029,3.327582962810993,404,True,False,
read,key-0051,3.3066668547689915,200,True,False,6197.792053222656
write,key-0084,1223.0430827476084,201,True,,
read,key-0067,7.746791932731867,404,True,False,
read,key-0022,4.313999786973,200,True,False,16073.62675666809
read,key-0084,4.86712483689189,200,True,False,17.44818687438965
read,key-0050,7.45208328589797,200,True,False,2489.4771575927734
write,key-0084,1235.3015001863241,201,True,,
read,key-0048,7.291458081454039,200,True,False,12399.433851242065
read,key-0039,7.701416965574026,404,True,False,
write,key-0084,1229.6132077462971,201,True,,
read,key-0060,3.353583626449108,404,True,False,
read,key-0048,2.232917118817568,200,True,False,13642.827987670898
read,key-0084,2.450041938573122,200,True,False,8.256912231445312
write,key-0099,1236.4095831289887,201,True,,
read,key-0066,9.713999927043915,404,True,False,
read,key-0084,5.473707802593708,200,True,False,1260.4188919067383
read,key-0084,3.9080828428268433,200,True,False,1264.3749713897705
write,key-0050,1228.3007078804076,201,True,,
read,key-0084,5.894375033676624,200,True,False,2500.476837158203
read,key-0084,4.129375331103802,200,True,False,2504.725933074951
read,key-0084,4.084083251655102,200,True,False,2508.9049339294434
write,key-0019,1234.3524578027427,201,True,,
read,key-0084,5.368124693632126,200,True,False,3748.887062072754
read,key-0084,3.3551249653100967,200,True,False,3752.3229122161865
write,key-0050,1230.1364997401834,201,True,,
read,key-0068,6.5003749914467335,200,True,False,68263.19003105164
read,key-0073,9.181416127830744,200,True,False,16156.836986541748
write,key-0032,1245.8758340217173,201,True,,
read,key-0050,7.478874642401934,200,True,False,1270.1830863952637
read,key-0051,5.791708827018738,200,True,False,16185.31608581543
read,key-0073,5.360874813050032,200,True,False,17422.41406440735
read,key-0050,4.044875036925077,200,True,False,1285.8800888061523
read,key-0072,3.9756670594215393,200,True,False,149301.8102645874
write,key-0050,1234.210082795471,201,True,,
read,key-0073,6.104374770075083,200,True,False,18671.53286933899
read,key-0084,5.148834083229303,200,True,False,7518.6169147491455
write,key-0084,1230.8402080088854,201,True,,
read,key-0031,6.481749936938286,404,True,False,
write,key-0099,1230.1524579524994,201,True,,
write,key-0019,1234.577207826078,201,True,,
read,key-0084,3.8534998893737793,200,True,False,2475.8291244506836
read,key-0091,6.2513332813978195,404,True,False,
read,key-0019,2.2790413349866867,200,True,False,12.577056884765625
read,key-0098,2.907540649175644,404,True,False,
read,key-0050,2.054832875728607,200,True,False,3732.3310375213623
write,key-0084,1231.029957998544,201,True,,
read,key-0095,6.362332962453365,404,True,False,
read,key-0099,5.73658337816596,200,True,False,2496.0670471191406
read,key-0099,5.28341718018055,200,True,False,2501.645088195801
read,key-0084,3.802333027124405,200,True,False,21.981000900268555
write,key-0014,1228.573041036725,201,True,,
read,key-0042,5.888333078473806,404,True,False,
read,key-0099,3.9577907882630825,200,True,False,3744.513988494873
write,key-0032,1227.3883749730885,201,True,,
read,key-0050,3.5126246511936188,200,True,False,7455.512762069702
write,key-0084,1235.9272502362728,201,True,,
read,key-0028,6.250459235161543,404,True,False,
read,key-0084,4.6805827878415585,200,True,False,11.225700378417969
read,key-0093,4.698208998888731,404,True,False,
read,key-0050,4.229708109050989,200,True,False,8711.949110031128
read,key-0014,4.285959061235189,200,True,False,2502.1541118621826
read,key-0065,3.8307500071823597,404,True,False,
read,key-0066,4.596374928951263,404,True,False,
read,key-0084,5.018917378038168,200,True,False,38.63883018493652
read,key-0014,3.7899999879300594,200,True,False,2519.8659896850586
read,key-0050,4.004375077784061,200,True,False,8738.175868988037
write,key-0060,1232.9240408726037,201,True,,
read,key-0014,6.1497921124100685,200,True,False,3763.4599208831787
read,key-0099,5.2780830301344395,200,True,False,7503.252983093262
read,key-0094,3.929625265300274,404,True,False,
read,key-0080,4.153791815042496,404,True,False,
read,key-0099,3.9322921074926853,200,True,False,7515.606880187988
read,key-0040,3.6546671763062477,404,True,False,
read,key-0019,4.139500204473734,200,True,False,6288.762092590332
read,key-0084,4.308207891881466,200,True,False,1316.375970840454
read,key-0060,5.312374792993069,200,True,False,42.104244232177734
write,key-0084,1229.2990828864276,201,True,,
write,key-0084,1220.8191249519587,201,True,,
write,key-0019,1229.1490831412375,201,True,,
write,key-0050,1226.8015420995653,201,True,,
read,key-0084,6.847917102277279,200,True,False,2463.491678237915
read,key-0084,6.340791936963797,200,True,False,2470.0396060943604
read,key-0050,4.504416137933731,200,True,False,18.26786994934082
write,key-0030,1226.5042080543935,201,True,,
read,key-0030,3.8832081481814384,200,True,False,4.127025604248047
read,key-0060,2.0762081257998943,200,True,False,6200.32525062561
read,key-0050,5.087332800030708,200,True,False,1256.843090057373
read,key-0094,2.676874864846468,404,True,False,
write,key-0084,1219.2360837943852,201,True,,
read,key-0099,3.904541954398155,200,True,False,14923.518896102905
read,key-0060,4.3443338945508,200,True,False,7436.558246612549
write,key-0019,1245.9636656567454,201,True,,
read,key-0019,4.688750021159649,200,True,False,6.125211715698242
read,key-0082,4.938624799251556,404,True,False,
write,key-0001,1229.974374640733,201,True,,
read,key-0065,5.2720000967383385,404,True,False,
read,key-0084,4.7782910987734795,200,True,False,2506.2248706817627
read,key-0084,3.1759999692440033,200,True,False,2509.47904586792
read,key-0017,3.2333331182599068,404,True,False,
write,key-0071,1221.4501253329217,201,True,,
read,key-0060,3.424708731472492,200,True,False,11166.009187698364
read,key-0071,2.0745000801980495,200,True,False,5.755901336669922
read,key-0084,1.993292011320591,200,True,False,3742.133140563965
read,key-0084,2.1057920530438423,200,True,False,3744.312047958374
read,key-0084,1.954125240445137,200,True,False,3746.3290691375732
write,key-0083,1232.5908746570349,201,True,,
write,key-0084,1230.5431659333408,201,True,,
read,key-0099,6.251249928027391,200,True,False,21135.687828063965
write,key-0014,1233.515250030905,201,True,,
write,key-0084,1233.725666999817,201,True,,
write,key-0014,1225.3675828687847,201,True,,
write,key-0071,1239.44445932284,201,True,,
read,key-0083,6.345250178128481,200,True,False,6177.016735076904
read,key-0060,4.939749836921692,200,True,False,18589.210987091064
write,key-0050,1225.4231660626829,201,True,,
read,key-0014,6.379666738212109,200,True,False,2483.671188354492
write,key-0001,1225.711583159864,201,True,,
write,key-0050,1231.1886250972748,201,True,,
read,key-0060,4.013416822999716,200,True,False,22282.99307823181
read,key-0084,3.014959394931793,200,True,False,6174.054861068726
write,key-0007,1224.9397076666355,201,True,,
read,key-0085,5.5927918292582035,404,True,False,
write,key-0050,1229.6114582568407,201,True,,
read,key-0001,5.6725419126451015,200,True,False,3705.307722091675
read,key-0084,5.822999868541956,200,True,False,8646.649837493896
read,key-0014,4.461042117327452,200,True,False,7425.585985183716
read,key-0094,6.201750133186579,404,True,False,
read,key-0019,6.090625189244747,200,True,False,16093.334197998047
read,key-0018,5.4364581592381,200,True,False,135345.56198120117
read,key-0084,4.872458986938,200,True,False,8674.6346950531
read,key-0074,5.66066661849618,200,True,False,196409.07311439514
write,key-0030,1224.8517498373985,201,True,,
read,key-0050,8.805500343441963,200,True,False,1279.7698974609375
write,key-0050,1225.053041242063,201,True,,
read,key-0008,14.243458863347769,404,True,False,
read,key-0050,2.7063749730587006,200,True,False,17.14301109313965
read,key-0036,2.087458036839962,404,True,False,
read,key-0001,1.7613749951124191,200,True,False,6225.446701049805
write,key-0084,1225.0892077572644,201,True,,
read,key-0030,4.528250079602003,200,True,False,2485.379219055176
write,key-0050,1233.1546670757234,201,True,,
read,key-0050,7.622124627232552,200,True,False,7.961273193359375
write,key-0038,1227.6162495836616,201,True,,
read,key-0056,7.220583036541939,200,True,False,210055.8261871338
write,key-0084,1233.312708325684,201,True,,
read,key-0022,7.604165934026241,200,True,False,68265.75994491577
write,key-0055,1232.2533330880105,201,True,,
write,key-0050,1279.684292152524,201,True,,
read,key-0044,4.92408312857151,200,True,False,223790.08674621582
write,key-0050,1236.2841251306236,201,True,,
read,key-0011,6.612417288124561,404,True,False,
read,key-0013,5.5963341146707535,404,True,False,
read,key-0051,3.9446246810257435,200,True,False,63396.56591415405
write,key-0030,1219.1399997100234,201,True,,
read,key-0084,3.0960002914071083,200,True,False,5001.391172409058
read,key-0050,1.9796248525381088,200,True,False,1241.1530017852783
write,key-0050,1227.3657503537834,201,True,,
write,key-0071,1225.752541795373,201,True,,
read,key-0062,7.24183302372694,404,True,False,
write,key-0055,1227.350375149399,201,True,,
write,key-0068,1223.434334155172,201,True,,
read,key-0084,2.7934997342526913,200,True,False,9918.832063674927
read,key-0050,2.7469168417155743,200,True,False,3690.8087730407715
read,key-0050,4.511374980211258,200,True,False,3695.392847061157
write,key-0017,1303.577208891511,201,True,,
read,key-0038,21.190582774579525,200,True,False,12493.643045425415
read,key-0071,7.294832728803158,200,True,False,3803.0529022216797
read,key-0055,4.238707944750786,200,True,False,2572.4260807037354
write,key-0055,1278.219792060554,201,True,,
read,key-0095,12.386166956275702,404,True,False,
write,key-0007,1243.0705828592181,201,True,,
write,key-0068,1274.2100418545306,201,True,,
read,key-0081,6.823791656643152,404,True,False,
read,key-0057,3.146790899336338,404,True,False,
read,key-0053,2.553042024374008,404,True,False,
read,key-0031,5.530459340661764,404,True,False,
write,key-0030,1222.508208360523,201,True,,
write,key-0030,1230.501000303775,201,True,,
read,key-0068,5.81058394163847,200,True,False,2477.5748252868652
write,key-0007,1226.4252919703722,201,True,,
write,key-0007,1232.345291879028,201,True,,
write,key-0050,1229.8792502842844,201,True,,
read,key-0051,4.006083123385906,200,True,False,80863.08979988098
read,key-0071,3.0295830219984055,200,True,False,13791.476011276245
write,key-0084,1218.3949588797987,201,True,,
read,key-0030,6.993209011852741,200,True,False,4928.274154663086
read,key-0036,11.181040666997433,404,True,False,
read,key-0062,5.074749700725079,404,True,False,
write,key-0068,1233.2869172096252,201,True,,
read,key-0046,7.5501250103116035,200,True,False,190145.94507217407
read,key-0030,5.177124869078398,200,True,False,6192.195892333984
read,key-0050,3.6509581841528416,200,True,False,2500.7197856903076
read,key-0030,4.083583131432533,200,True,False,6200.400114059448
read,key-0084,3.24954092502594,200,True,False,1282.6952934265137
read,key-0084,3.0524171888828278,200,True,False,1285.8083248138428
read,key-0066,3.866208251565695,404,True,False,
read,key-0007,4.912375006824732,200,True,False,3750.6299018859863
read,key-0050,2.795834094285965,200,True,False,2523.364782333374
read,key-0018,2.0668748766183853,200,True,False,166543.52283477783
read,key-0071,2.723541110754013,200,True,False,16312.432050704956
read,key-0028,2.19979090616107,404,True,False,
read,key-0084,3.901916090399027,200,True,False,1308.6411952972412
write,key-0030,1228.8124999031425,201,True,,
read,key-0068,7.221834268420935,200,True,False,1287.6181602478027
write,key-0032,1240.5710420571268,201,True,,
read,key-0001,5.166041664779186,200,True,False,37423.64478111267
read,key-0040,2.4081659503281116,404,True,False,
write,key-0068,1227.5135000236332,201,True,,
write,key-0007,1222.7729172445834,201,True,,
read,key-0084,3.591208253055811,200,True,False,6247.869253158569
read,key-0084,2.8352919034659863,200,True,False,6250.776290893555
write,key-0068,1230.0622500479221,201,True,,
write,key-0007,1227.9012920334935,201,True,,
write,key-0068,1228.3148751594126,201,True,,
read,key-0067,4.082249943166971,404,True,False,
read,key-0084,4.667708184570074,200,True,False,9946.4111328125
read,key-0088,2.10966682061553,404,True,False,
read,key-0068,1.663499977439642,200,True,False,12.762069702148438
read,key-0068,1.6714590601623058,200,True,False,14.480113983154297
read,key-0030,2.119957935065031,200,True,False,7416.6419506073
read,key-0066,1.7852499149739742,404,True,False,
read,key-0068,1.410875003784895,200,True,False,19.94800567626953
read,key-0069,1.4186669141054153,404,True,False,
read,key-0057,1.2007500045001507,404,True,False,
read,key-0077,1.2950408272445202,404,True,False,
read,key-0068,1.2225829996168613,200,True,False,25.21800994873047
write,key-0030,1230.46545824036,201,True,,
read,key-0019,3.494666889309883,200,True,False,57194.14520263672
read,key-0095,2.930833026766777,404,True,False,
read,key-0032,2.5554578751325607,200,True,False,7416.761875152588
read,key-0007,2.7000410482287407,200,True,False,2496.065139770508
read,key-0030,2.8417501598596573,200,True,False,14.781951904296875
read,key-0005,4.775333218276501,404,True,False,
read,key-0083,3.6939587444067,200,True,False,53489.402770996094
write,key-0007,1228.811458684504,201,True,,
read,key-0075,3.430082928389311,404,True,False,
read,key-0007,2.607750240713358,200,True,False,6.204366683959961
write,key-0021,1222.061667125672,201,True,,
read,key-0033,2.1472913213074207,200,True,False,181397.06087112427
write,key-0009,1227.6087920181453,201,True,,
read,key-0030,2.996167168021202,200,True,False,3713.559150695801
read,key-0068,2.460541669279337,200,True,False,4971.825122833252
read,key-0068,2.6633748784661293,200,True,False,4974.539995193481
read,key-0068,2.6923329569399357,200,True,False,4977.277994155884
write,key-0007,1229.7952910885215,201,True,,
read,key-0007,19.551250152289867,200,True,False,19.68097686767578
read,key-0047,6.434374954551458,404,True,False,
read,key-0030,3.0273343436419964,200,True,False,4980.690240859985
read,key-0013,2.4721669033169746,404,True,False,
write,key-0030,1221.7594999819994,201,True,,
write,key-0016,1226.741166319698,201,True,,
read,key-0007,2.9930840246379375,200,True,False,2483.625888824463
read,key-0009,2.593332901597023,200,True,False,3727.1909713745117
write,key-0068,1227.4427912198007,201,True,,
write,key-0007,1226.893958169967,201,True,,
write,key-0007,1243.4987081214786,201,True,,
read,key-0030,5.924750119447708,200,True,False,4936.950206756592
read,key-0068,18.986874725669622,200,True,False,2495.9051609039307
write,key-0030,1218.916540965438,201,True,,
read,key-0068,3.4633749164640903,200,True,False,3718.5211181640625
write,key-0021,1218.02141610533,201,True,,
read,key-0089,5.395499989390373,200,True,False,272294.5132255554
write,key-0068,1223.4521671198308,201,True,,
read,key-0007,5.599082913249731,200,True,False,3700.721263885498
write,key-0068,1235.803958028555,201,True,,
read,key-0027,5.515041761100292,200,True,False,282293.3943271637
write,key-0007,1232.4942089617252,201,True,,
write,key-0016,1226.5001251362264,201,True,,
read,key-0007,4.556708037853241,200,True,False,1231.3179969787598
write,key-0007,1231.0788752511144,201,True,,
read,key-0021,4.84516704455018,200,True,False,6176.653146743774
read,key-0009,3.991832956671715,200,True,False,16072.088718414307
read,key-0007,2.869000192731619,200,True,False,12.04991340637207
read,key-0068,2.7742921374738216,200,True,False,3715.6901359558105
write,key-0007,1224.2818749509752,201,True,,
read,key-0007,2.4862922728061676,200,True,False,2.547025680541992
write,key-0032,1233.4932079538703,201,True,,
read,key-0016,3.9108749479055405,200,True,False,3715.2440547943115
read,key-0096,2.8167078271508217,200,True,False,199931.6921234131
read,key-0030,4.9137091264128685,200,True,False,9880.497932434082
read,key-0009,2.6683341711759567,200,True,False,18552.878856658936
read,key-0055,2.0648748613893986,200,True,False,43382.8399181366
read,key-0008,1.9773337990045547,404,True,False,
write,key-0021,1223.7430000677705,201,True,,
write,key-0032,1226.9873339682817,201,True,,
read,key-0021,4.223582800477743,200,True,False,1231.4679622650146
write,key-0030,1227.977457921952,201,True,,
read,key-0021,6.986292079091072,200,True,False,2466.703176498413
read,key-0067,3.657374996691942,404,True,False,
read,key-0021,8.515666238963604,200,True,False,2479.0141582489014
read,key-0068,3.529416862875223,200,True,False,9901.204109191895
read,key-0067,3.949332982301712,404,True,False,
read,key-0068,2.9073748737573624,200,True,False,9909.33108329773
read,key-0009,2.9214578680694103,200,True,False,22274.519681930542
read,key-0089,2.7524172328412533,200,True,False,284674.9732494354
read,key-0075,1.9777920097112656,404,True,False,
read,key-0007,1.9692499190568924,200,True,False,4979.076147079468
write,key-0032,1219.3069998174906,201,True,,
read,key-0007,3.988957963883877,200,True,False,6202.523231506348
read,key-0030,2.99549987539649,200,True,False,1267.521858215332
read,key-0007,2.951083704829216,200,True,False,6208.572864532471
read,key-0007,2.3468751460313797,200,True,False,6210.968017578125
read,key-0007,2.4439170956611633,200,True,False,6213.453054428101
read,key-0032,2.3091668263077736,200,True,False,17.359018325805664
read,key-0098,2.4004997685551643,404,True,False,
read,key-0068,1.8459167331457138,200,True,False,11160.171031951904
write,key-0032,1232.276250142604,201,True,,
read,key-0001,28.06837484240532,200,True,False,73320.49298286438
write,key-0016,1236.7351250723004,201,True,,
read,key-0007,6.8877087906003,200,True,False,8725.873231887817
read,key-0032,5.21004106849432,200,True,False,1278.7892818450928
read,key-0007,3.231499809771776,200,True,False,8734.584093093872
read,key-0016,2.9602921567857265,200,True,False,18.84913444519043
write,key-0016,1222.8512088768184,201,True,,
read,key-0007,5.034000147134066,200,True,False,9965.772151947021
read,key-0007,4.505542106926441,200,True,False,9970.393180847168
write,key-0032,1234.2601250857115,201,True,,
write,key-0051,1234.8293750546873,201,True,,
read,key-0086,4.559707827866077,404,True,False,
write,key-0007,1238.1453746929765,201,True,,
read,key-0016,21.072375122457743,200,True,False,3743.3152198791504
write,key-0021,1281.1623746529222,201,True,,
write,key-0007,1233.3610830828547,201,True,,
write,key-0032,1423.8430839031935,201,True,,
write,key-0090,1263.2012912072241,201,True,,
write,key-0089,1231.7570829764009,201,True,,
read,key-0032,7.027624640613794,200,True,False,2502.7551651000977
write,key-0085,1236.3498331978917,201,True,,
read,key-0089,3.7357499822974205,200,True,False,1247.5230693817139
write,key-0016,1225.1735418103635,201,True,,
read,key-0021,3.5478747449815273,200,True,False,7630.239963531494
read,key-0007,2.4856249801814556,200,True,False,6398.592948913574
read,key-0032,2.7436669915914536,200,True,False,4977.488994598389
write,key-0032,1225.5926667712629,201,True,,
write,key-0032,1221.6736669652164,201,True,,
read,key-0021,8.744458202272654,200,True,False,10092.17095375061
read,key-0021,5.730166099965572,200,True,False,10098.102807998657
read,key-0007,4.913624841719866,200,True,False,8868.923902511597
read,key-0051,5.928707774728537,200,True,False,12654.67882156372
read,key-0032,5.982125177979469,200,True,False,32.19008445739746
read,key-0032,4.986291751265526,200,True,False,37.31894493103027
read,key-0007,4.297958221286535,200,True,False,8890.696048736572
read,key-0001,4.663750063627958,200,True,False,90953.46879959106
read,key-0089,5.2646673284471035,200,True,False,4981.416940689087
write,key-0004,1231.9207503460348,201,True,,
write,key-0032,1220.9594170562923,201,True,,
read,key-0016,3.9663747884333134,200,True,False,4966.0069942474365
write,key-0007,1222.7840409614146,201,True,,
read,key-0089,3.804540727287531,200,True,False,8665.673971176147
read,key-0032,3.4436252899467945,200,True,False,1234.515905380249
read,key-0032,3.142917063087225,200,True,False,1237.7641201019287
read,key-0032,2.6968340389430523,200,True,False,1240.5459880828857
read,key-0058,2.6862919330596924,200,True,False,205171.67592048645
write,key-0007,1238.788791000843,201,True,,
read,key-0032,5.218582693487406,200,True,False,2487.549304962158
write,key-0055,1221.371540799737,201,True,,
read,key-0007,4.636041820049286,200,True,False,1231.6951751708984
write,key-0032,1229.1604578495026,201,True,,
read,key-0032,5.7116663083434105,200,True,False,5.918025970458984
read,key-0007,4.646915942430496,200,True,False,2471.6432094573975
write,key-0045,1220.1202078722417,201,True,,
read,key-0051,10.707791894674301,200,True,False,21318.86076927185
write,key-0087,1232.6904581859708,201,True,,
read,key-0032,8.83833272382617,200,True,False,2484.1530323028564
write,key-0081,1231.886625289917,201,True,,
read,key-0071,2.589041832834482,200,True,False,83451.62510871887
write,key-0021,1228.8912083022296,201,True,,
read,key-0032,17.36595807597041,200,True,False,4965.457916259766
write,key-0003,1231.3519581221044,201,True,,
read,key-0052,6.596041843295097,404,True,False,
read,key-0003,5.648166872560978,200,True,False,13.031005859375
read,key-0009,5.039208102971315,200,True,False,56034.411907196045
read,key-0003,4.8100003041327,200,True,False,23.20408821105957
write,key-0032,1226.9553751684725,201,True,,
read,key-0004,6.587999872863293,200,True,False,13618.641138076782
read,key-0007,4.290791694074869,200,True,False,9919.70705986023
write,key-0032,1222.5039578042924,201,True,,
write,key-0063,1231.0384577140212,201,True,,
write,key-0032,1224.7531251050532,201,True,,
read,key-0088,4.587665665894747,404,True,False,
read,key-0085,3.3419588580727577,200,True,False,22280.17783164978
read,key-0039,4.4624172151088715,404,True,False,
write,key-0032,1248.1249999254942,201,True,,
read,key-0093,7.319916971027851,404,True,False,
read,key-0092,5.304208025336266,200,True,False,294794.6779727936
read,key-0087,5.881332792341709,200,True,False,9942.901134490967
read,key-0063,4.055208060890436,200,True,False,2509.4478130340576
write,key-0032,1244.5250423625112,201,True,,
read,key-0016,6.675624754279852,200,True,False,23578.721046447754
write,key-0032,1238.5608749464154,201,True,,
write,key-0032,1226.6842499375343,201,True,,
read,key-0032,3.7957499735057354,200,True,False,3.9131641387939453
read,key-0081,3.6063753068447113,200,True,False,12431.190967559814
read,key-0032,15.664209146052599,200,True,False,23.929119110107422
read,key-0029,2.8122500516474247,404,True,False,
read,key-0004,2.0446251146495342,200,True,False,22332.5412273407
read,key-0032,1.5511666424572468,200,True,False,30.495166778564453
write,key-0087,1251.8663331866264,201,True,,
read,key-0032,21.267125383019447,200,True,False,1304.0640354156494
write,key-0045,1244.2514579743147,201,True,,
read,key-0053,6.227500271052122,404,True,False,
read,key-0032,5.262416787445545,200,True,False,2561.7332458496094
write,key-0007,1231.6994168795645,201,True,,
write,key-0045,1225.705707911402,201,True,,
read,key-0063,3.216458950191736,200,True,False,11249.517917633057
read,key-0099,2.2821249440312386,200,True,False,148058.68077278137
read,key-0007,2.1985829807817936,200,True,False,1233.9448928833008
read,key-0087,2.6359171606600285,200,True,False,3747.813940048218
read,key-0055,2.816874999552965,200,True,False,22406.53395652771
read,key-0055,2.19912501052022,200,True,False,22408.801078796387
write,key-0032,1257.0804581046104,201,True,,
read,key-0087,6.798249669373035,200,True,False,5017.1380043029785
write,key-0032,1225.2044579945505,201,True,,
read,key-0037,7.526500150561333,404,True,False,
write,key-0086,1228.1228750944138,201,True,,
read,key-0032,5.389166995882988,200,True,False,1241.692066192627
read,key-0081,4.292791709303856,200,True,False,21194.148063659668
read,key-0032,4.43445798009634,200,True,False,1250.6310939788818
write,key-0063,1241.7895407415926,201,True,,
read,key-0068,3.937625326216221,200,True,False,63617.66600608826
read,key-0086,7.089249789714813,200,True,False,1267.5998210906982
read,key-0035,4.018041305243969,404,True,False,
read,key-0037,3.1475420109927654,404,True,False,
read,key-0063,2.7131251990795135,200,True,False,21.30293846130371
write,key-0094,1217.3291658982635,201,True,,
write,key-0073,1221.550542395562,201,True,,
write,key-0043,1239.9492501281202,201,True,,
read,key-0073,7.6554580591619015,200,True,False,1248.1448650360107
write,key-0087,1220.3032090328634,201,True,,
read,key-0045,6.950458977371454,200,True,False,9934.130907058716
read,key-0032,5.352749954909086,200,True,False,7434.267044067383
read,key-0087,4.663166124373674,200,True,False,17.46988296508789
read,key-0060,4.5160832814872265,200,True,False,150510.67304611206
read,key-0032,5.112083163112402,200,True,False,7448.933124542236
read,key-0094,5.32945804297924,200,True,False,3723.2351303100586
write,key-0087,1234.1172499582171,201,True,,
read,key-0067,5.116916727274656,404,True,False,
read,key-0032,2.838083077222109,200,True,False,8697.115182876587
read,key-0086,3.6202920600771904,200,True,False,7464.663028717041
write,key-0032,1262.2189172543585,201,True,,
write,key-0032,1231.8187500350177,201,True,,
read,key-0032,7.165540941059589,200,True,False,7.438182830810547
read,key-0032,4.967250395566225,200,True,False,12.536048889160156
write,key-0094,1223.8333746790886,201,True,,
write,key-0032,1233.7858327664435,201,True,,
read,key-0073,10.107957758009434,200,True,False,8723.237752914429
write,key-0032,1230.436583980918,201,True,,
read,key-0087,6.879500113427639,200,True,False,6225.1598834991455
read,key-0012,4.45299968123436,404,True,False,
read,key-0032,4.0352498181164265,200,True,False,15.829086303710938
read,key-0045,4.16920892894268,200,True,False,17432.37614631653
read,key-0030,3.904125187546015,200,True,False,66174.02291297913
read,key-0087,3.9937496185302734,200,True,False,6246.284008026123
write,key-0087,1231.0885828919709,201,True,,
write,key-0086,1234.3333750031888,201,True,,
read,key-0007,4.520082846283913,200,True,False,21137.17484474182
read,key-0032,2.8334581293165684,200,True,False,2501.8160343170166
write,key-0032,1229.8314170911908,201,True,,
read,key-0094,7.461958099156618,200,True,False,6214.727878570557
write,key-0086,1233.9397077448666,201,True,,
read,key-0023,6.062957923859358,404,True,False,
read,key-0087,4.714165814220905,200,True,False,3725.3119945526123
read,key-0011,4.257374908775091,404,True,False,
read,key-0032,3.988791722804308,200,True,False,1261.4850997924805
read,key-0032,4.366750363260508,200,True,False,1265.9811973571777
read,key-0045,4.5867497101426125,200,True,False,22414.76607322693
write,key-0032,1233.5986662656069,201,True,,
read,key-0032,6.794541608542204,200,True,False,7.0209503173828125
read,key-0073,4.379916936159134,200,True,False,16201.66301727295
read,key-0045,3.883874975144863,200,True,False,23664.00909423828
write,key-0094,1235.5556250549853,201,True,,
read,key-0087,3.1962920911610126,200,True,False,6231.426954269409
read,key-0093,2.9602907598018646,404,True,False,
read,key-0040,2.4785827845335007,404,True,False,
read,key-0086,3.5274168476462364,200,True,False,2526.4687538146973
read,key-0086,2.9372498393058777,200,True,False,2529.470920562744
read,key-0032,2.737916074693203,200,True,False,1269.6819305419922
read,key-0094,2.7447082102298737,200,True,False,21.296262741088867
read,key-0032,7.339125033468008,200,True,False,1279.9558639526367
read,key-0047,3.222375176846981,404,True,False,
read,key-0032,2.401625271886587,200,True,False,1285.7997417449951
read,key-0086,2.10687518119812,200,True,False,2550.5828857421875
read,key-0077,2.4812500923871994,404,True,False,
read,key-0081,2.186042256653309,200,True,False,42383.978843688965
write,key-0032,1230.758249759674,201,True,,
read,key-0051,6.843207869678736,200,True,False,67415.13776779175
read,key-0087,4.952082876116037,200,True,False,7512.526988983154
read,key-0073,4.383624996989965,200,True,False,18730.433702468872
read,key-0086,3.7197917699813843,200,True,False,3806.7119121551514
write,key-0087,1228.9007497020066,201,True,,
read,key-0094,9.64958406984806,200,True,False,2531.682014465332
read,key-0086,4.039832856506109,200,True,False,5049.581050872803
